ten sach,link sach
Trước vòng chung kết - Tập 2,https://thuvienpdf.com/truoc-vong-chung-ket-tap-2
Trước vòng chung kết - Tập 1,https://thuvienpdf.com/truoc-vong-chung-ket-tap-1
Truyện tranh - Bong bóng lên trời,https://thuvienpdf.com/truyen-tranh-bong-bong-len-troi
Truyện tranh Nữ Sinh,https://thuvienpdf.com/truyen-tranh-nu-sinh
Ba Lô Màu Xanh,https://thuvienpdf.com/ba-lo-mau-xanh
Bồ Câu Không Đưa Thư,https://thuvienpdf.com/bo-cau-khong-dua-thu
Con Chó Nhỏ Mang Giỏ Hoa Hồng,https://thuvienpdf.com/con-cho-nho-mang-gio-hoa-hong
Tôi Thấy Hoa Vàng Trên Cỏ Xanh,https://thuvienpdf.com/toi-thay-hoa-vang-tren-co-xanh
Thương Nhớ Trà Long,https://thuvienpdf.com/thuong-nho-tra-long
Bí mật của Tóc Tiên,https://thuvienpdf.com/bi-mat-cua-toc-tien
Cây Chuối Non Đi Giày Xanh,https://thuvienpdf.com/cay-chuoi-non-di-giay-xanh
Chuyện Xứ Lang Biang Tập 4,https://thuvienpdf.com/chuyen-xu-lang-biang-tap-4
Chuyện Xứ Lang Biang Tập 3,https://thuvienpdf.com/chuyen-xu-lang-biang-tap-3
Chuyện Xứ Lang Biang Tập 2,https://thuvienpdf.com/chuyen-xu-lang-biang-tap-2
Chuyện Xứ Lang Biang Tập 1,https://thuvienpdf.com/chuyen-xu-lang-biang-tap-1
Bàn có năm chỗ ngồi,https://thuvienpdf.com/ban-co-nam-cho-ngoi
Bong bóng trên trời,https://thuvienpdf.com/bong-bong-tren-troi
Buổi chiều Windows,https://thuvienpdf.com/buoi-chieu-windows
Chú bé rắc rối,https://thuvienpdf.com/chu-be-rac-roi
Còn chút gì để nhớ,https://thuvienpdf.com/con-chut-gi-de-nho
Đảo mộng mơ,https://thuvienpdf.com/dao-mong-mo
Đi qua hoa cúc,https://thuvienpdf.com/di-qua-hoa-cuc
Hạ đỏ,https://thuvienpdf.com/ha-do
Hoa hồng xứ khác,https://thuvienpdf.com/hoa-hong-xu-khac
Ngồi khóc trên cây,https://thuvienpdf.com/ngoi-khoc-tren-cay
Ngôi trường mọi khi,https://thuvienpdf.com/ngoi-truong-moi-khi
Phòng trọ ba người,https://thuvienpdf.com/phong-tro-ba-nguoi
Thiên thần nhỏ của tôi,https://thuvienpdf.com/thien-than-nho-cua-toi
Tôi là bêtô,https://thuvienpdf.com/toi-la-beto
Trại hoa vàng,https://thuvienpdf.com/trai-hoa-vang
Trước Vòng Chung kết,https://thuvienpdf.com/truoc-vong-chung-ket
Út Quyên và tôi,https://thuvienpdf.com/ut-quyen-va-toi
Quán Gò Đi Lên,https://thuvienpdf.com/quan-go-di-len
Kính Vạn Hoa,https://thuvienpdf.com/kinh-van-hoa
Ngày Xưa Có Một Chuyện Tình,https://thuvienpdf.com/ngay-xua-co-mot-chuyen-tinh
Những Cô Em Gái,https://thuvienpdf.com/nhung-co-em-gai
Sương khói quê nhà,https://thuvienpdf.com/suong-khoi-que-nha
Người Quảng Đi Ăn Mì Quảng,https://thuvienpdf.com/nguoi-quang-di-an-mi-quang
Mắt Biếc,https://thuvienpdf.com/mat-biec
Lá Nằm Trong Lá,https://thuvienpdf.com/la-nam-trong-la
Cô Gái Đến Từ Hôm Qua,https://thuvienpdf.com/co-gai-den-tu-hom-qua
Có Hai Con Mèo Bên Cửa Sổ,https://thuvienpdf.com/co-hai-con-meo-ben-cua-so
Cho Tôi Xin Một Vé Đi Tuổi Thơ,https://thuvienpdf.com/cho-toi-xin-mot-ve-di-tuoi-tho
Những Chàng Trai Xấu Tính,https://thuvienpdf.com/nhung-chang-trai-xau-tinh
Bảy Bước Tới Mùa Hè,https://thuvienpdf.com/bay-buoc-toi-mua-he
Chúc Một Ngày Tốt Lành,https://thuvienpdf.com/chuc-mot-ngay-tot-lanh
